Metrics,LoadPoint,Bandwidth,src,dest, ,rep0
Blocking probability,0,all,all,all, ,0.031243137489768622


Blocking probability by lack of transmitters,0,all,all,all, ,0.0


Blocking probability by lack of receivers,0,all,all,all, ,0.0


Blocking probability by fragmentation,0,all,all,all, ,0.0


Blocking probability by QoTN,0,all,all,all, ,0.0


Blocking probability by QoTO,0,all,all,all, ,0.0


Blocking probability by other,0,all,all,all, ,0.0


Blocking probability by crosstalk,0,all,all,all, ,0.031243137489768622


Blocking probability by crosstalk in other,0,all,all,all, ,0.0


Block all cores,0,all,all,all, ,3130


Block core 0 ,0,all,all,all, ,747


Block core 1 ,0,all,all,all, ,593


Block core 2 ,0,all,all,all, ,268


Block core 3,0,all,all,all, ,324


Block core 4,0,all,all,all, ,306


Block core 5,0,all,all,all, ,606


Block core 6,0,all,all,all, ,286


Blocking probability per pair,0,all,5,3, ,0.022263450834879406
Blocking probability per pair,0,all,10,2, ,0.06679035250463822
Blocking probability per pair,0,all,9,7, ,0.031746031746031744
Blocking probability per pair,0,all,13,4, ,0.0
Blocking probability per pair,0,all,14,5, ,0.35110294117647056
Blocking probability per pair,0,all,2,10, ,0.04174573055028463
Blocking probability per pair,0,all,7,11, ,0.08426966292134831
Blocking probability per pair,0,all,3,4, ,0.0019230769230769232
Blocking probability per pair,0,all,4,5, ,0.0
Blocking probability per pair,0,all,7,5, ,0.0
Blocking probability per pair,0,all,11,10, ,0.0
Blocking probability per pair,0,all,7,3, ,0.05904059040590406
Blocking probability per pair,0,all,3,12, ,0.06542056074766354
Blocking probability per pair,0,all,4,14, ,0.0
Blocking probability per pair,0,all,8,13, ,0.0074211502782931356
Blocking probability per pair,0,all,8,9, ,0.0
Blocking probability per pair,0,all,1,12, ,0.018115942028985508
Blocking probability per pair,0,all,9,13, ,0.0
Blocking probability per pair,0,all,5,9, ,0.06095238095238095
Blocking probability per pair,0,all,12,5, ,0.2777777777777778
Blocking probability per pair,0,all,4,7, ,0.0
Blocking probability per pair,0,all,13,8, ,0.009541984732824428
Blocking probability per pair,0,all,5,6, ,0.0
Blocking probability per pair,0,all,8,2, ,0.15140186915887852
Blocking probability per pair,0,all,1,10, ,0.033216783216783216
Blocking probability per pair,0,all,1,14, ,0.05218855218855219
Blocking probability per pair,0,all,9,11, ,0.0
Blocking probability per pair,0,all,7,8, ,0.0
Blocking probability per pair,0,all,8,11, ,0.03773584905660377
Blocking probability per pair,0,all,11,6, ,0.0
Blocking probability per pair,0,all,13,7, ,0.10196779964221825
Blocking probability per pair,0,all,11,1, ,0.02018348623853211
Blocking probability per pair,0,all,3,9, ,0.0
Blocking probability per pair,0,all,10,9, ,0.0
Blocking probability per pair,0,all,8,7, ,0.0
Blocking probability per pair,0,all,10,3, ,0.0
Blocking probability per pair,0,all,11,8, ,0.09734513274336283
Blocking probability per pair,0,all,5,8, ,0.0
Blocking probability per pair,0,all,9,4, ,0.0
Blocking probability per pair,0,all,13,1, ,0.022598870056497175
Blocking probability per pair,0,all,6,13, ,0.0
Blocking probability per pair,0,all,3,13, ,0.0
Blocking probability per pair,0,all,5,7, ,0.0
Blocking probability per pair,0,all,4,6, ,0.0
Blocking probability per pair,0,all,4,11, ,0.0
Blocking probability per pair,0,all,11,4, ,0.0
Blocking probability per pair,0,all,4,8, ,0.0
Blocking probability per pair,0,all,5,10, ,0.0
Blocking probability per pair,0,all,12,6, ,0.0
Blocking probability per pair,0,all,2,5, ,0.005385996409335727
Blocking probability per pair,0,all,13,3, ,0.0
Blocking probability per pair,0,all,1,13, ,0.012345679012345678
Blocking probability per pair,0,all,9,2, ,0.15837937384898712
Blocking probability per pair,0,all,13,2, ,0.02394106813996317
Blocking probability per pair,0,all,8,6, ,0.017452006980802792
Blocking probability per pair,0,all,4,9, ,0.0
Blocking probability per pair,0,all,8,3, ,0.24431818181818182
Blocking probability per pair,0,all,3,1, ,0.0
Blocking probability per pair,0,all,7,10, ,0.0
Blocking probability per pair,0,all,6,11, ,0.0
Blocking probability per pair,0,all,5,4, ,0.0
Blocking probability per pair,0,all,8,5, ,0.0
Blocking probability per pair,0,all,14,3, ,0.0
Blocking probability per pair,0,all,12,3, ,0.05673758865248227
Blocking probability per pair,0,all,5,14, ,0.38733705772811916
Blocking probability per pair,0,all,7,1, ,0.0
Blocking probability per pair,0,all,12,11, ,0.0
Blocking probability per pair,0,all,2,3, ,0.0
Blocking probability per pair,0,all,10,4, ,0.0
Blocking probability per pair,0,all,10,11, ,0.0
Blocking probability per pair,0,all,12,7, ,0.19056261343012704
Blocking probability per pair,0,all,9,1, ,0.0017064846416382253
Blocking probability per pair,0,all,1,9, ,0.0035714285714285713
Blocking probability per pair,0,all,9,3, ,0.0
Blocking probability per pair,0,all,6,7, ,0.0
Blocking probability per pair,0,all,14,4, ,0.0
Blocking probability per pair,0,all,7,14, ,0.062388591800356503
Blocking probability per pair,0,all,11,13, ,0.0
Blocking probability per pair,0,all,1,11, ,0.02120141342756184
Blocking probability per pair,0,all,6,8, ,0.029982363315696647
Blocking probability per pair,0,all,7,12, ,0.14228456913827656
Blocking probability per pair,0,all,12,14, ,0.0
Blocking probability per pair,0,all,9,5, ,0.1035653650254669
Blocking probability per pair,0,all,4,3, ,0.0
Blocking probability per pair,0,all,7,9, ,0.022968197879858657
Blocking probability per pair,0,all,11,12, ,0.0
Blocking probability per pair,0,all,9,14, ,0.0
Blocking probability per pair,0,all,6,1, ,0.0
Blocking probability per pair,0,all,10,1, ,0.062385321100917435
Blocking probability per pair,0,all,14,1, ,0.0839041095890411
Blocking probability per pair,0,all,1,8, ,0.0
Blocking probability per pair,0,all,2,11, ,0.0
Blocking probability per pair,0,all,2,12, ,0.03339517625231911
Blocking probability per pair,0,all,1,5, ,0.0
Blocking probability per pair,0,all,9,8, ,0.0
Blocking probability per pair,0,all,8,4, ,0.0
Blocking probability per pair,0,all,13,14, ,0.0
Blocking probability per pair,0,all,5,12, ,0.21070811744386875
Blocking probability per pair,0,all,7,4, ,0.0
Blocking probability per pair,0,all,4,13, ,0.0
Blocking probability per pair,0,all,13,12, ,0.0
Blocking probability per pair,0,all,11,2, ,0.005405405405405406
Blocking probability per pair,0,all,12,8, ,0.024344569288389514
Blocking probability per pair,0,all,14,10, ,0.0
Blocking probability per pair,0,all,2,9, ,0.13123844731977818
Blocking probability per pair,0,all,9,10, ,0.0
Blocking probability per pair,0,all,4,12, ,0.0
Blocking probability per pair,0,all,1,6, ,0.0
Blocking probability per pair,0,all,2,14, ,0.1286231884057971
Blocking probability per pair,0,all,5,11, ,0.0
Blocking probability per pair,0,all,11,9, ,0.0
Blocking probability per pair,0,all,6,9, ,0.0
Blocking probability per pair,0,all,2,6, ,0.0
Blocking probability per pair,0,all,2,8, ,0.17669172932330826
Blocking probability per pair,0,all,6,4, ,0.0
Blocking probability per pair,0,all,11,3, ,0.007518796992481203
Blocking probability per pair,0,all,3,7, ,0.02862595419847328
Blocking probability per pair,0,all,3,5, ,0.017857142857142856
Blocking probability per pair,0,all,8,1, ,0.0
Blocking probability per pair,0,all,2,13, ,0.03461538461538462
Blocking probability per pair,0,all,11,14, ,0.0
Blocking probability per pair,0,all,13,10, ,0.0
Blocking probability per pair,0,all,6,5, ,0.0
Blocking probability per pair,0,all,12,9, ,0.0
Blocking probability per pair,0,all,1,2, ,0.0
Blocking probability per pair,0,all,13,9, ,0.0
Blocking probability per pair,0,all,10,12, ,0.0
Blocking probability per pair,0,all,6,14, ,0.0
Blocking probability per pair,0,all,14,13, ,0.0
Blocking probability per pair,0,all,10,7, ,0.0
Blocking probability per pair,0,all,4,1, ,0.0
Blocking probability per pair,0,all,14,6, ,0.0
Blocking probability per pair,0,all,13,6, ,0.0
Blocking probability per pair,0,all,1,4, ,0.0
Blocking probability per pair,0,all,12,13, ,0.0
Blocking probability per pair,0,all,5,1, ,0.0
Blocking probability per pair,0,all,9,6, ,0.0
Blocking probability per pair,0,all,2,1, ,0.0
Blocking probability per pair,0,all,9,12, ,0.0
Blocking probability per pair,0,all,12,1, ,0.046875
Blocking probability per pair,0,all,13,11, ,0.0
Blocking probability per pair,0,all,7,13, ,0.09640831758034027
Blocking probability per pair,0,all,8,10, ,0.06191369606003752
Blocking probability per pair,0,all,3,11, ,0.01727447216890595
Blocking probability per pair,0,all,4,10, ,0.0
Blocking probability per pair,0,all,11,5, ,0.0
Blocking probability per pair,0,all,3,14, ,0.0
Blocking probability per pair,0,all,12,2, ,0.03074141048824593
Blocking probability per pair,0,all,14,7, ,0.0920353982300885
Blocking probability per pair,0,all,1,3, ,0.0
Blocking probability per pair,0,all,3,8, ,0.25504587155963304
Blocking probability per pair,0,all,6,12, ,0.0
Blocking probability per pair,0,all,6,3, ,0.0
Blocking probability per pair,0,all,11,7, ,0.09430255402750491
Blocking probability per pair,0,all,10,6, ,0.0
Blocking probability per pair,0,all,5,13, ,0.1981651376146789
Blocking probability per pair,0,all,14,2, ,0.17491166077738515
Blocking probability per pair,0,all,10,13, ,0.0
Blocking probability per pair,0,all,14,12, ,0.0
Blocking probability per pair,0,all,6,2, ,0.0
Blocking probability per pair,0,all,8,14, ,0.04929577464788732
Blocking probability per pair,0,all,8,12, ,0.009363295880149813
Blocking probability per pair,0,all,3,6, ,0.0
Blocking probability per pair,0,all,4,2, ,0.0
Blocking probability per pair,0,all,6,10, ,0.0
Blocking probability per pair,0,all,7,2, ,0.12407407407407407
Blocking probability per pair,0,all,12,10, ,0.0
Blocking probability per pair,0,all,10,8, ,0.05391304347826087
Blocking probability per pair,0,all,14,9, ,0.0
Blocking probability per pair,0,all,2,4, ,0.0
Blocking probability per pair,0,all,14,11, ,0.0
Blocking probability per pair,0,all,3,10, ,0.0
Blocking probability per pair,0,all,12,4, ,0.0
Blocking probability per pair,0,all,13,5, ,0.16666666666666666
Blocking probability per pair,0,all,1,7, ,0.0
Blocking probability per pair,0,all,2,7, ,0.14492753623188406
Blocking probability per pair,0,all,3,2, ,0.0
Blocking probability per pair,0,all,14,8, ,0.07079646017699115
Blocking probability per pair,0,all,10,5, ,0.0
Blocking probability per pair,0,all,10,14, ,0.0
Blocking probability per pair,0,all,5,2, ,0.003738317757009346
Blocking probability per pair,0,all,7,6, ,0.0


Blocking probability per bandwidth,0,200.0Gbps,all,all, ,0.031243137489768622


Blocking probability per pair and bandwidth,0,200.0Gbps,5,3, ,0.022263450834879406
Blocking probability per pair and bandwidth,0,200.0Gbps,10,2, ,0.06679035250463822
Blocking probability per pair and bandwidth,0,200.0Gbps,9,7, ,0.031746031746031744
Blocking probability per pair and bandwidth,0,200.0Gbps,13,4, ,0.0
Blocking probability per pair and bandwidth,0,200.0Gbps,14,5, ,0.35110294117647056
Blocking probability per pair and bandwidth,0,200.0Gbps,2,10, ,0.04174573055028463
Blocking probability per pair and bandwidth,0,200.0Gbps,7,11, ,0.08426966292134831
Blocking probability per pair and bandwidth,0,200.0Gbps,3,4, ,0.0019230769230769232
Blocking probability per pair and bandwidth,0,200.0Gbps,4,5, ,0.0
Blocking probability per pair and bandwidth,0,200.0Gbps,7,5, ,0.0
Blocking probability per pair and bandwidth,0,200.0Gbps,11,10, ,0.0
Blocking probability per pair and bandwidth,0,200.0Gbps,7,3, ,0.05904059040590406
Blocking probability per pair and bandwidth,0,200.0Gbps,3,12, ,0.06542056074766354
Blocking probability per pair and bandwidth,0,200.0Gbps,4,14, ,0.0
Blocking probability per pair and bandwidth,0,200.0Gbps,8,13, ,0.0074211502782931356
Blocking probability per pair and bandwidth,0,200.0Gbps,8,9, ,0.0
Blocking probability per pair and bandwidth,0,200.0Gbps,1,12, ,0.018115942028985508
Blocking probability per pair and bandwidth,0,200.0Gbps,9,13, ,0.0
Blocking probability per pair and bandwidth,0,200.0Gbps,5,9, ,0.06095238095238095
Blocking probability per pair and bandwidth,0,200.0Gbps,12,5, ,0.2777777777777778
Blocking probability per pair and bandwidth,0,200.0Gbps,4,7, ,0.0
Blocking probability per pair and bandwidth,0,200.0Gbps,13,8, ,0.009541984732824428
Blocking probability per pair and bandwidth,0,200.0Gbps,5,6, ,0.0
Blocking probability per pair and bandwidth,0,200.0Gbps,8,2, ,0.15140186915887852
Blocking probability per pair and bandwidth,0,200.0Gbps,1,10, ,0.033216783216783216
Blocking probability per pair and bandwidth,0,200.0Gbps,1,14, ,0.05218855218855219
Blocking probability per pair and bandwidth,0,200.0Gbps,9,11, ,0.0
Blocking probability per pair and bandwidth,0,200.0Gbps,7,8, ,0.0
Blocking probability per pair and bandwidth,0,200.0Gbps,8,11, ,0.03773584905660377
Blocking probability per pair and bandwidth,0,200.0Gbps,11,6, ,0.0
Blocking probability per pair and bandwidth,0,200.0Gbps,13,7, ,0.10196779964221825
Blocking probability per pair and bandwidth,0,200.0Gbps,11,1, ,0.02018348623853211
Blocking probability per pair and bandwidth,0,200.0Gbps,3,9, ,0.0
Blocking probability per pair and bandwidth,0,200.0Gbps,10,9, ,0.0
Blocking probability per pair and bandwidth,0,200.0Gbps,8,7, ,0.0
Blocking probability per pair and bandwidth,0,200.0Gbps,10,3, ,0.0
Blocking probability per pair and bandwidth,0,200.0Gbps,11,8, ,0.09734513274336283
Blocking probability per pair and bandwidth,0,200.0Gbps,5,8, ,0.0
Blocking probability per pair and bandwidth,0,200.0Gbps,9,4, ,0.0
Blocking probability per pair and bandwidth,0,200.0Gbps,13,1, ,0.022598870056497175
Blocking probability per pair and bandwidth,0,200.0Gbps,6,13, ,0.0
Blocking probability per pair and bandwidth,0,200.0Gbps,3,13, ,0.0
Blocking probability per pair and bandwidth,0,200.0Gbps,5,7, ,0.0
Blocking probability per pair and bandwidth,0,200.0Gbps,4,6, ,0.0
Blocking probability per pair and bandwidth,0,200.0Gbps,4,11, ,0.0
Blocking probability per pair and bandwidth,0,200.0Gbps,11,4, ,0.0
Blocking probability per pair and bandwidth,0,200.0Gbps,4,8, ,0.0
Blocking probability per pair and bandwidth,0,200.0Gbps,5,10, ,0.0
Blocking probability per pair and bandwidth,0,200.0Gbps,12,6, ,0.0
Blocking probability per pair and bandwidth,0,200.0Gbps,2,5, ,0.005385996409335727
Blocking probability per pair and bandwidth,0,200.0Gbps,13,3, ,0.0
Blocking probability per pair and bandwidth,0,200.0Gbps,1,13, ,0.012345679012345678
Blocking probability per pair and bandwidth,0,200.0Gbps,9,2, ,0.15837937384898712
Blocking probability per pair and bandwidth,0,200.0Gbps,13,2, ,0.02394106813996317
Blocking probability per pair and bandwidth,0,200.0Gbps,8,6, ,0.017452006980802792
Blocking probability per pair and bandwidth,0,200.0Gbps,4,9, ,0.0
Blocking probability per pair and bandwidth,0,200.0Gbps,8,3, ,0.24431818181818182
Blocking probability per pair and bandwidth,0,200.0Gbps,3,1, ,0.0
Blocking probability per pair and bandwidth,0,200.0Gbps,7,10, ,0.0
Blocking probability per pair and bandwidth,0,200.0Gbps,6,11, ,0.0
Blocking probability per pair and bandwidth,0,200.0Gbps,5,4, ,0.0
Blocking probability per pair and bandwidth,0,200.0Gbps,8,5, ,0.0
Blocking probability per pair and bandwidth,0,200.0Gbps,14,3, ,0.0
Blocking probability per pair and bandwidth,0,200.0Gbps,12,3, ,0.05673758865248227
Blocking probability per pair and bandwidth,0,200.0Gbps,5,14, ,0.38733705772811916
Blocking probability per pair and bandwidth,0,200.0Gbps,7,1, ,0.0
Blocking probability per pair and bandwidth,0,200.0Gbps,12,11, ,0.0
Blocking probability per pair and bandwidth,0,200.0Gbps,2,3, ,0.0
Blocking probability per pair and bandwidth,0,200.0Gbps,10,4, ,0.0
Blocking probability per pair and bandwidth,0,200.0Gbps,10,11, ,0.0
Blocking probability per pair and bandwidth,0,200.0Gbps,12,7, ,0.19056261343012704
Blocking probability per pair and bandwidth,0,200.0Gbps,9,1, ,0.0017064846416382253
Blocking probability per pair and bandwidth,0,200.0Gbps,1,9, ,0.0035714285714285713
Blocking probability per pair and bandwidth,0,200.0Gbps,9,3, ,0.0
Blocking probability per pair and bandwidth,0,200.0Gbps,6,7, ,0.0
Blocking probability per pair and bandwidth,0,200.0Gbps,14,4, ,0.0
Blocking probability per pair and bandwidth,0,200.0Gbps,7,14, ,0.062388591800356503
Blocking probability per pair and bandwidth,0,200.0Gbps,11,13, ,0.0
Blocking probability per pair and bandwidth,0,200.0Gbps,1,11, ,0.02120141342756184
Blocking probability per pair and bandwidth,0,200.0Gbps,6,8, ,0.029982363315696647
Blocking probability per pair and bandwidth,0,200.0Gbps,7,12, ,0.14228456913827656
Blocking probability per pair and bandwidth,0,200.0Gbps,12,14, ,0.0
Blocking probability per pair and bandwidth,0,200.0Gbps,9,5, ,0.1035653650254669
Blocking probability per pair and bandwidth,0,200.0Gbps,4,3, ,0.0
Blocking probability per pair and bandwidth,0,200.0Gbps,7,9, ,0.022968197879858657
Blocking probability per pair and bandwidth,0,200.0Gbps,11,12, ,0.0
Blocking probability per pair and bandwidth,0,200.0Gbps,9,14, ,0.0
Blocking probability per pair and bandwidth,0,200.0Gbps,6,1, ,0.0
Blocking probability per pair and bandwidth,0,200.0Gbps,10,1, ,0.062385321100917435
Blocking probability per pair and bandwidth,0,200.0Gbps,14,1, ,0.0839041095890411
Blocking probability per pair and bandwidth,0,200.0Gbps,1,8, ,0.0
Blocking probability per pair and bandwidth,0,200.0Gbps,2,11, ,0.0
Blocking probability per pair and bandwidth,0,200.0Gbps,2,12, ,0.03339517625231911
Blocking probability per pair and bandwidth,0,200.0Gbps,1,5, ,0.0
Blocking probability per pair and bandwidth,0,200.0Gbps,9,8, ,0.0
Blocking probability per pair and bandwidth,0,200.0Gbps,8,4, ,0.0
Blocking probability per pair and bandwidth,0,200.0Gbps,13,14, ,0.0
Blocking probability per pair and bandwidth,0,200.0Gbps,5,12, ,0.21070811744386875
Blocking probability per pair and bandwidth,0,200.0Gbps,7,4, ,0.0
Blocking probability per pair and bandwidth,0,200.0Gbps,4,13, ,0.0
Blocking probability per pair and bandwidth,0,200.0Gbps,13,12, ,0.0
Blocking probability per pair and bandwidth,0,200.0Gbps,11,2, ,0.005405405405405406
Blocking probability per pair and bandwidth,0,200.0Gbps,12,8, ,0.024344569288389514
Blocking probability per pair and bandwidth,0,200.0Gbps,14,10, ,0.0
Blocking probability per pair and bandwidth,0,200.0Gbps,2,9, ,0.13123844731977818
Blocking probability per pair and bandwidth,0,200.0Gbps,9,10, ,0.0
Blocking probability per pair and bandwidth,0,200.0Gbps,4,12, ,0.0
Blocking probability per pair and bandwidth,0,200.0Gbps,1,6, ,0.0
Blocking probability per pair and bandwidth,0,200.0Gbps,2,14, ,0.1286231884057971
Blocking probability per pair and bandwidth,0,200.0Gbps,5,11, ,0.0
Blocking probability per pair and bandwidth,0,200.0Gbps,11,9, ,0.0
Blocking probability per pair and bandwidth,0,200.0Gbps,6,9, ,0.0
Blocking probability per pair and bandwidth,0,200.0Gbps,2,6, ,0.0
Blocking probability per pair and bandwidth,0,200.0Gbps,2,8, ,0.17669172932330826
Blocking probability per pair and bandwidth,0,200.0Gbps,6,4, ,0.0
Blocking probability per pair and bandwidth,0,200.0Gbps,11,3, ,0.007518796992481203
Blocking probability per pair and bandwidth,0,200.0Gbps,3,7, ,0.02862595419847328
Blocking probability per pair and bandwidth,0,200.0Gbps,3,5, ,0.017857142857142856
Blocking probability per pair and bandwidth,0,200.0Gbps,8,1, ,0.0
Blocking probability per pair and bandwidth,0,200.0Gbps,2,13, ,0.03461538461538462
Blocking probability per pair and bandwidth,0,200.0Gbps,11,14, ,0.0
Blocking probability per pair and bandwidth,0,200.0Gbps,13,10, ,0.0
Blocking probability per pair and bandwidth,0,200.0Gbps,6,5, ,0.0
Blocking probability per pair and bandwidth,0,200.0Gbps,12,9, ,0.0
Blocking probability per pair and bandwidth,0,200.0Gbps,1,2, ,0.0
Blocking probability per pair and bandwidth,0,200.0Gbps,13,9, ,0.0
Blocking probability per pair and bandwidth,0,200.0Gbps,10,12, ,0.0
Blocking probability per pair and bandwidth,0,200.0Gbps,6,14, ,0.0
Blocking probability per pair and bandwidth,0,200.0Gbps,14,13, ,0.0
Blocking probability per pair and bandwidth,0,200.0Gbps,10,7, ,0.0
Blocking probability per pair and bandwidth,0,200.0Gbps,4,1, ,0.0
Blocking probability per pair and bandwidth,0,200.0Gbps,14,6, ,0.0
Blocking probability per pair and bandwidth,0,200.0Gbps,13,6, ,0.0
Blocking probability per pair and bandwidth,0,200.0Gbps,1,4, ,0.0
Blocking probability per pair and bandwidth,0,200.0Gbps,12,13, ,0.0
Blocking probability per pair and bandwidth,0,200.0Gbps,5,1, ,0.0
Blocking probability per pair and bandwidth,0,200.0Gbps,9,6, ,0.0
Blocking probability per pair and bandwidth,0,200.0Gbps,2,1, ,0.0
Blocking probability per pair and bandwidth,0,200.0Gbps,9,12, ,0.0
Blocking probability per pair and bandwidth,0,200.0Gbps,12,1, ,0.046875
Blocking probability per pair and bandwidth,0,200.0Gbps,13,11, ,0.0
Blocking probability per pair and bandwidth,0,200.0Gbps,7,13, ,0.09640831758034027
Blocking probability per pair and bandwidth,0,200.0Gbps,8,10, ,0.06191369606003752
Blocking probability per pair and bandwidth,0,200.0Gbps,3,11, ,0.01727447216890595
Blocking probability per pair and bandwidth,0,200.0Gbps,4,10, ,0.0
Blocking probability per pair and bandwidth,0,200.0Gbps,11,5, ,0.0
Blocking probability per pair and bandwidth,0,200.0Gbps,3,14, ,0.0
Blocking probability per pair and bandwidth,0,200.0Gbps,12,2, ,0.03074141048824593
Blocking probability per pair and bandwidth,0,200.0Gbps,14,7, ,0.0920353982300885
Blocking probability per pair and bandwidth,0,200.0Gbps,1,3, ,0.0
Blocking probability per pair and bandwidth,0,200.0Gbps,3,8, ,0.25504587155963304
Blocking probability per pair and bandwidth,0,200.0Gbps,6,12, ,0.0
Blocking probability per pair and bandwidth,0,200.0Gbps,6,3, ,0.0
Blocking probability per pair and bandwidth,0,200.0Gbps,11,7, ,0.09430255402750491
Blocking probability per pair and bandwidth,0,200.0Gbps,10,6, ,0.0
Blocking probability per pair and bandwidth,0,200.0Gbps,5,13, ,0.1981651376146789
Blocking probability per pair and bandwidth,0,200.0Gbps,14,2, ,0.17491166077738515
Blocking probability per pair and bandwidth,0,200.0Gbps,10,13, ,0.0
Blocking probability per pair and bandwidth,0,200.0Gbps,14,12, ,0.0
Blocking probability per pair and bandwidth,0,200.0Gbps,6,2, ,0.0
Blocking probability per pair and bandwidth,0,200.0Gbps,8,14, ,0.04929577464788732
Blocking probability per pair and bandwidth,0,200.0Gbps,8,12, ,0.009363295880149813
Blocking probability per pair and bandwidth,0,200.0Gbps,3,6, ,0.0
Blocking probability per pair and bandwidth,0,200.0Gbps,4,2, ,0.0
Blocking probability per pair and bandwidth,0,200.0Gbps,6,10, ,0.0
Blocking probability per pair and bandwidth,0,200.0Gbps,7,2, ,0.12407407407407407
Blocking probability per pair and bandwidth,0,200.0Gbps,12,10, ,0.0
Blocking probability per pair and bandwidth,0,200.0Gbps,10,8, ,0.05391304347826087
Blocking probability per pair and bandwidth,0,200.0Gbps,14,9, ,0.0
Blocking probability per pair and bandwidth,0,200.0Gbps,2,4, ,0.0
Blocking probability per pair and bandwidth,0,200.0Gbps,14,11, ,0.0
Blocking probability per pair and bandwidth,0,200.0Gbps,3,10, ,0.0
Blocking probability per pair and bandwidth,0,200.0Gbps,12,4, ,0.0
Blocking probability per pair and bandwidth,0,200.0Gbps,13,5, ,0.16666666666666666
Blocking probability per pair and bandwidth,0,200.0Gbps,1,7, ,0.0
Blocking probability per pair and bandwidth,0,200.0Gbps,2,7, ,0.14492753623188406
Blocking probability per pair and bandwidth,0,200.0Gbps,3,2, ,0.0
Blocking probability per pair and bandwidth,0,200.0Gbps,14,8, ,0.07079646017699115
Blocking probability per pair and bandwidth,0,200.0Gbps,10,5, ,0.0
Blocking probability per pair and bandwidth,0,200.0Gbps,10,14, ,0.0
Blocking probability per pair and bandwidth,0,200.0Gbps,5,2, ,0.003738317757009346
Blocking probability per pair and bandwidth,0,200.0Gbps,7,6, ,0.0


